{
    "paramsA": {
        "STALE_TTL": 526.8563788899696,
        "TARGET_PROXIMITY_WEIGHT": 572.4179095528331,
        "TARGET_TYPE_BONUS": 417.3632296405503,
        "TARGET_LOWHP_CRITICAL_BONUS": 338.0451019705594,
        "TARGET_LOWHP_MODERATE_BONUS": 295.74057717820546,
        "TARGET_FOCUS_BONUS": 377.0494839533318,
        "TARGET_SAFEFIRE_BONUS": 0.0,
        "TARGET_STALE_PENALTY": 4.483380263145235,
        "PF_ENEMY_REPEL_STRENGTH": 3.0359786145869543,
        "PF_ENEMY_ATTRACT_STRENGTH": 1.0880019261937672,
        "PF_TANGENTIAL_STRENGTH": 1.2059985928980954,
        "PF_ALLY_REPEL_RANGE": 196.93498945719543,
        "PF_ALLY_REPEL_STRENGTH": 0.44899663218826624,
        "PF_WALL_STRENGTH": 0.6003039795228252,
        "PF_WRECK_RANGE": 83.01372606273964,
        "HOLD_X_OFFSET": 1117.1901410776481,
        "KITE_MIN_AGGRO": 403.99125178365307,
        "KITE_MAX_AGGRO": 465.6797912017005,
        "KITE_MIN_NORMAL": 419.5130385630545,
        "KITE_MAX_NORMAL": 914.7773679756167,
        "KITE_MIN_DEFEN": 656.6263425168269,
        "KITE_MAX_DEFEN": 860.7330736890787,
        "HP_RETREAT_MAIN": 93.15592852845572,
        "NOFIRE_REPOSITION_TICKS": 24.095908006531843,
        "HP_RETREAT_PCT_SEC": 0.2758713213857945,
        "FLANK_Y_OFFSET": 217.32328611541476,
        "ADVANCE_X_A": 1300.0,
        "PATROL_EVASION_RANGE": 435.8443845723213
    }
}